{"cameraMode":{"drawMode":0,"name":"Shaded","section":"Shading Mode"},"sceneLighting":false,"audioPlay":false,"sceneViewState":{"m_AlwaysRefresh":false,"showFog":true,"showSkybox":false,"showFlares":true,"showImageEffects":true,"showParticleSystems":true,"showVisualEffectGraphs":true,"m_FxEnabled":true},"in2DMode":false,"pivot":{"x":0.08807419240474701,"y":1.3835265636444092,"z":-0.6659030914306641},"rotation":{"x":0.20876432955265046,"y":0.0017703983467072249,"z":-0.00037573790177702904,"w":0.9779733419418335},"size":3.662236452102661,"orthographic":false}